{"cameraMode":{"drawMode":0,"name":"Shaded","section":"Shading Mode"},"sceneLighting":true,"audioPlay":false,"sceneViewState":{"showFog":false,"showMaterialUpdate":false,"showSkybox":false,"showFlares":false,"showImageEffects":false,"showParticleSystems":false},"in2DMode":false,"pivot":{"x":13.538022994995118,"y":1.4406486749649048,"z":10.627898216247559},"rotation":{"x":0.45419031381607058,"y":-0.07733290642499924,"z":0.03961795195937157,"w":0.8866621851921082},"size":0.45788419246673586,"orthographic":false}